{
    "4386752985": {
        "pos": {
            "z": 104.87006378173828,
            "x": -1109.250732421875,
            "y": 708.47509765625
        },
        "heading": 301.36102294921877
    }
}